rolname,query,calls,total_time,prop_total_time
authenticator,SELECT name FROM pg_timezone_names,72,7474.695751,26.6%
postgres,"with f as (
      
-- CTE with sane arg_modes, arg_names, and arg_types.
-- All three are always of the same length.
-- All three include all args, including OUT and TABLE args.
with functions as (
  select
    *,
    -- proargmodes is null when all arg modes are IN
    coalesce(
      p.proargmodes,
      array_fill($1::text, array[cardinality(coalesce(p.proallargtypes, p.proargtypes))])
    ) as arg_modes,
    -- proargnames is null when all args are unnamed
    coalesce(
      p.proargnames,
      array_fill($2::text, array[cardinality(coalesce(p.proallargtypes, p.proargtypes))])
    ) as arg_names,
    -- proallargtypes is null when all arg modes are IN
    coalesce(p.proallargtypes, p.proargtypes) as arg_types,
    array_cat(
      array_fill($3, array[pronargs - pronargdefaults]),
      array_fill($4, array[pronargdefaults])) as arg_has_defaults
  from
    pg_proc as p
  where
    p.prokind = $5
)
select
  f.oid as id,
  n.nspname as schema,
  f.proname as name,
  l.lanname as language,
  case
    when l.lanname = $6 then $7
    else f.prosrc
  end as definition,
  case
    when l.lanname = $8 then f.prosrc
    else pg_get_functiondef(f.oid)
  end as complete_statement,
  coalesce(f_args.args, $9) as args,
  pg_get_function_arguments(f.oid) as argument_types,
  pg_get_function_identity_arguments(f.oid) as identity_argument_types,
  f.prorettype as return_type_id,
  pg_get_function_result(f.oid) as return_type,
  nullif(rt.typrelid, $10) as return_type_relation_id,
  f.proretset as is_set_returning_function,
  case
    when f.provolatile = $11 then $12
    when f.provolatile = $13 then $14
    when f.provolatile = $15 then $16
  end as behavior,
  f.prosecdef as security_definer,
  f_config.config_params as config_params
from
  functions f
  left join pg_namespace n on f.pronamespace = n.oid
  left join pg_language l on f.prolang = l.oid
  left join pg_type rt on rt.oid = f.prorettype
  left join (
    select
      oid,
      jsonb_object_agg(param, value) filter (where param is not null) as config_params
    from
      (
        select
          oid,
          (string_to_array(unnest(proconfig), $17))[$18] as param,
          (string_to_array(unnest(proconfig), $19))[$20] as value
        from
          functions
      ) as t
    group by
      oid
  ) f_config on f_config.oid = f.oid
  left join (
    select
      oid,
      jsonb_agg(jsonb_build_object(
        $21, t2.mode,
        $22, name,
        $23, type_id,
        -- Cast null into false boolean
        $24, COALESCE(has_default, $25)
      )) as args
    from
      (
        select
          oid,
          unnest(arg_modes) as mode,
          unnest(arg_names) as name,
          -- Coming from: coalesce(p.proallargtypes, p.proargtypes) postgres won't automatically assume
          -- integer, we need to cast it to be properly parsed
          unnest(arg_types)::int8 as type_id,
          unnest(arg_has_defaults) as has_default
        from
          functions
      ) as t1,
      lateral (
        select
          case
            when t1.mode = $26 then $27
            when t1.mode = $28 then $29
            when t1.mode = $30 then $31
            when t1.mode = $32 then $33
            else $34
          end as mode
      ) as t2
    group by
      t1.oid
  ) f_args on f_args.oid = f.oid

    )
    select
      f.*
    from f
   where schema NOT IN ($35,$36,$37)

-- source: dashboard
-- user: b2ab9768-bd5b-4fd3-a3e7-3ff6207bd4e6
-- date: 2025-07-15T00:43:57.313Z",67,5643.425964,20.1%
postgres,"with tables as (SELECT
  c.oid :: int8 AS id,
  nc.nspname AS schema,
  c.relname AS name,
  c.relrowsecurity AS rls_enabled,
  c.relforcerowsecurity AS rls_forced,
  CASE
    WHEN c.relreplident = $1 THEN $2
    WHEN c.relreplident = $3 THEN $4
    WHEN c.relreplident = $5 THEN $6
    ELSE $7
  END AS replica_identity,
  pg_total_relation_size(format($8, nc.nspname, c.relname)) :: int8 AS bytes,
  pg_size_pretty(
    pg_total_relation_size(format($9, nc.nspname, c.relname))
  ) AS size,
  pg_stat_get_live_tuples(c.oid) AS live_rows_estimate,
  pg_stat_get_dead_tuples(c.oid) AS dead_rows_estimate,
  obj_description(c.oid) AS comment,
  coalesce(pk.primary_keys, $10) as primary_keys,
  coalesce(
    jsonb_agg(relationships) filter (where relationships is not null),
    $11
  ) as relationships
FROM
  pg_namespace nc
  JOIN pg_class c ON nc.oid = c.relnamespace
  left join (
    select
      table_id,
      jsonb_agg(_pk.*) as primary_keys
    from (
      select
        n.nspname as schema,
        c.relname as table_name,
        a.attname as name,
        c.oid :: int8 as table_id
      from
        pg_index i,
        pg_class c,
        pg_attribute a,
        pg_namespace n
      where
        i.indrelid = c.oid
        and c.relnamespace = n.oid
        and a.attrelid = c.oid
        and a.attnum = any (i.indkey)
        and i.indisprimary
    ) as _pk
    group by table_id
  ) as pk
  on pk.table_id = c.oid
  left join (
    select
      c.oid :: int8 as id,
      c.conname as constraint_name,
      nsa.nspname as source_schema,
      csa.relname as source_table_name,
      sa.attname as source_column_name,
      nta.nspname as target_table_schema,
      cta.relname as target_table_name,
      ta.attname as target_column_name
    from
      pg_constraint c
    join (
      pg_attribute sa
      join pg_class csa on sa.attrelid = csa.oid
      join pg_namespace nsa on csa.relnamespace = nsa.oid
    ) on sa.attrelid = c.conrelid and sa.attnum = any (c.conkey)
    join (
      pg_attribute ta
      join pg_class cta on ta.attrelid = cta.oid
      join pg_namespace nta on cta.relnamespace = nta.oid
    ) on ta.attrelid = c.confrelid and ta.attnum = any (c.confkey)
    where
      c.contype = $12
  ) as relationships
  on (relationships.source_schema = nc.nspname and relationships.source_table_name = c.relname)
  or (relationships.target_table_schema = nc.nspname and relationships.target_table_name = c.relname)
WHERE
  c.relkind IN ($13, $14)
  AND NOT pg_is_other_temp_schema(nc.oid)
  AND (
    pg_has_role(c.relowner, $15)
    OR has_table_privilege(
      c.oid,
      $16
    )
    OR has_any_column_privilege(c.oid, $17)
  )
group by
  c.oid,
  c.relname,
  c.relrowsecurity,
  c.relforcerowsecurity,
  c.relreplident,
  nc.nspname,
  pk.primary_keys
)
  , columns as (-- Adapted from information_schema.columns

SELECT
  c.oid :: int8 AS table_id,
  nc.nspname AS schema,
  c.relname AS table,
  (c.oid || $18 || a.attnum) AS id,
  a.attnum AS ordinal_position,
  a.attname AS name,
  CASE
    WHEN a.atthasdef THEN pg_get_expr(ad.adbin, ad.adrelid)
    ELSE $19
  END AS default_value,
  CASE
    WHEN t.typtype = $20 THEN CASE
      WHEN bt.typelem <> $21 :: oid
      AND bt.typlen = $22 THEN $23
      WHEN nbt.nspname = $24 THEN format_type(t.typbasetype, $25)
      ELSE $26
    END
    ELSE CASE
      WHEN t.typelem <> $27 :: oid
      AND t.typlen = $28 THEN $29
      WHEN nt.nspname = $30 THEN format_type(a.atttypid, $31)
      ELSE $32
    END
  END AS data_type,
  COALESCE(bt.typname, t.typname) AS format,
  a.attidentity IN ($33, $34) AS is_identity,
  CASE
    a.attidentity
    WHEN $35 THEN $36
    WHEN $37 THEN $38
    ELSE $39
  END AS identity_generation,
  a.attgenerated IN ($40) AS is_generated,
  NOT (
    a.attnotnull
    OR t.typtype = $41 AND t.typnotnull
  ) AS is_nullable,
  (
    c.relkind IN ($42, $43)
    OR c.relkind IN ($44, $45) AND pg_column_is_updatable(c.oid, a.attnum, $46)
  ) AS is_updatable,
  uniques.table_id IS NOT NULL AS is_unique,
  check_constraints.definition AS ""check"",
  array_to_json(
    array(
      SELECT
        enumlabel
      FROM
        pg_catalog.pg_enum enums
      WHERE
        enums.enumtypid = coalesce(bt.oid, t.oid)
        OR enums.enumtypid = coalesce(bt.typelem, t.typelem)
      ORDER BY
        enums.enumsortorder
    )
  ) AS enums,
  col_description(c.oid, a.attnum) AS comment
FROM
  pg_attribute a
  LEFT JOIN pg_attrdef ad ON a.attrelid = ad.adrelid
  AND a.attnum = ad.adnum
  JOIN (
    pg_class c
    JOIN pg_namespace nc ON c.relnamespace = nc.oid
  ) ON a.attrelid = c.oid
  JOIN (
    pg_type t
    JOIN pg_namespace nt ON t.typnamespace = nt.oid
  ) ON a.atttypid = t.oid
  LEFT JOIN (
    pg_type bt
    JOIN pg_namespace nbt ON bt.typnamespace = nbt.oid
  ) ON t.typtype = $47
  AND t.typbasetype = bt.oid
  LEFT JOIN (
    SELECT DISTINCT ON (table_id, ordinal_position)
      conrelid AS table_id,
      conkey[$48] AS ordinal_position
    FROM pg_catalog.pg_constraint
    WHERE contype = $49 AND cardinality(conkey) = $50
  ) AS uniques ON uniques.table_id = c.oid AND uniques.ordinal_position = a.attnum
  LEFT JOIN (
    -- We only select the first column check
    SELECT DISTINCT ON (table_id, ordinal_position)
      conrelid AS table_id,
      conkey[$51] AS ordinal_position,
      substring(
        pg_get_constraintdef(pg_constraint.oid, $52),
        $53,
        length(pg_get_constraintdef(pg_constraint.oid, $54)) - $55
      ) AS ""definition""
    FROM pg_constraint
    WHERE contype = $56 AND cardinality(conkey) = $57
    ORDER BY table_id, ordinal_position, oid asc
  ) AS check_constraints ON check_constraints.table_id = c.oid AND check_constraints.ordinal_position = a.attnum
WHERE
  NOT pg_is_other_temp_schema(nc.oid)
  AND a.attnum > $58
  AND NOT a.attisdropped
  AND (c.relkind IN ($59, $60, $61, $62, $63))
  AND (
    pg_has_role(c.relowner, $64)
    OR has_column_privilege(
      c.oid,
      a.attnum,
      $65
    )
  )
)
select
  *
  , 
COALESCE(
  (
    SELECT
      array_agg(row_to_json(columns)) FILTER (WHERE columns.table_id = tables.id)
    FROM
      columns
  ),
  $66
) AS columns
from tables where schema IN ($67)",20,1496.996588,5.3%
authenticator,"-- Recursively get the base types of domains
  WITH
  base_types AS (
    WITH RECURSIVE
    recurse AS (
      SELECT
        oid,
        typbasetype,
        COALESCE(NULLIF(typbasetype, $3), oid) AS base
      FROM pg_type
      UNION
      SELECT
        t.oid,
        b.typbasetype,
        COALESCE(NULLIF(b.typbasetype, $4), b.oid) AS base
      FROM recurse t
      JOIN pg_type b ON t.typbasetype = b.oid
    )
    SELECT
      oid,
      base
    FROM recurse
    WHERE typbasetype = $5
  ),
  arguments AS (
    SELECT
      oid,
      array_agg((
        COALESCE(name, $6), -- name
        type::regtype::text, -- type
        CASE type
          WHEN $7::regtype THEN $8
          WHEN $9::regtype THEN $10
          WHEN $11::regtype THEN $12
          WHEN $13::regtype THEN $14
          ELSE type::regtype::text
        END, -- convert types that ignore the lenth and accept any value till maximum size
        idx <= (pronargs - pronargdefaults), -- is_required
        COALESCE(mode = $15, $16) -- is_variadic
      ) ORDER BY idx) AS args,
      CASE COUNT(*) - COUNT(name) -- number of unnamed arguments
        WHEN $17 THEN $18
        WHEN $19 THEN (array_agg(type))[$20] IN ($21::regtype, $22::regtype, $23::regtype, $24::regtype, $25::regtype)
        ELSE $26
      END AS callable
    FROM pg_proc,
         unnest(proargnames, proargtypes, proargmodes)
           WITH ORDINALITY AS _ (name, type, mode, idx)
    WHERE type IS NOT NULL -- only input arguments
    GROUP BY oid
  )
  SELECT
    pn.nspname AS proc_schema,
    p.proname AS proc_name,
    d.description AS proc_description,
    COALESCE(a.args, $27) AS args,
    tn.nspname AS schema,
    COALESCE(comp.relname, t.typname) AS name,
    p.proretset AS rettype_is_setof,
    (t.typtype = $28
     -- if any TABLE, INOUT or OUT arguments present, treat as composite
     or COALESCE(proargmodes::text[] && $29, $30)
    ) AS rettype_is_composite,
    bt.oid <> bt.base as rettype_is_composite_alias,
    p.provolatile,
    p.provariadic > $31 as hasvariadic,
    lower((regexp_split_to_array((regexp_split_to_array(iso_config, $32))[$33], $34))[$35]) AS transaction_isolation_level,
    coalesce(func_settings.kvs, $36) as kvs
  FROM pg_proc p
  LEFT JOIN arguments a ON a.oid = p.oid
  JOIN pg_namespace pn ON pn.oid = p.pronamespace
  JOIN base_types bt ON bt.oid = p.prorettype
  JOIN pg_type t ON t.oid = bt.base
  JOIN pg_namespace tn ON tn.oid = t.typnamespace
  LEFT JOIN pg_class comp ON comp.oid = t.typrelid
  LEFT JOIN pg_description as d ON d.objoid = p.oid
  LEFT JOIN LATERAL unnest(proconfig) iso_config ON iso_config LIKE $37
  LEFT JOIN LATERAL (
    SELECT
      array_agg(row(
        substr(setting, $38, strpos(setting, $39) - $40),
        substr(setting, strpos(setting, $41) + $42)
      )) as kvs
    FROM unnest(proconfig) setting
    WHERE setting ~ ANY($2)
  ) func_settings ON $43
  WHERE t.oid <> $44::regtype AND COALESCE(a.callable, $45)
AND prokind = $46 AND pn.nspname = ANY($1)",72,1436.838826,5.1%
postgres,"with tables as (SELECT
  c.oid :: int8 AS id,
  nc.nspname AS schema,
  c.relname AS name,
  c.relrowsecurity AS rls_enabled,
  c.relforcerowsecurity AS rls_forced,
  CASE
    WHEN c.relreplident = $1 THEN $2
    WHEN c.relreplident = $3 THEN $4
    WHEN c.relreplident = $5 THEN $6
    ELSE $7
  END AS replica_identity,
  pg_total_relation_size(format($8, nc.nspname, c.relname)) :: int8 AS bytes,
  pg_size_pretty(
    pg_total_relation_size(format($9, nc.nspname, c.relname))
  ) AS size,
  pg_stat_get_live_tuples(c.oid) AS live_rows_estimate,
  pg_stat_get_dead_tuples(c.oid) AS dead_rows_estimate,
  obj_description(c.oid) AS comment,
  coalesce(pk.primary_keys, $10) as primary_keys,
  coalesce(
    jsonb_agg(relationships) filter (where relationships is not null),
    $11
  ) as relationships
FROM
  pg_namespace nc
  JOIN pg_class c ON nc.oid = c.relnamespace
  left join (
    select
      table_id,
      jsonb_agg(_pk.*) as primary_keys
    from (
      select
        n.nspname as schema,
        c.relname as table_name,
        a.attname as name,
        c.oid :: int8 as table_id
      from
        pg_index i,
        pg_class c,
        pg_attribute a,
        pg_namespace n
      where
        i.indrelid = c.oid
        and c.relnamespace = n.oid
        and a.attrelid = c.oid
        and a.attnum = any (i.indkey)
        and i.indisprimary
    ) as _pk
    group by table_id
  ) as pk
  on pk.table_id = c.oid
  left join (
    select
      c.oid :: int8 as id,
      c.conname as constraint_name,
      nsa.nspname as source_schema,
      csa.relname as source_table_name,
      sa.attname as source_column_name,
      nta.nspname as target_table_schema,
      cta.relname as target_table_name,
      ta.attname as target_column_name
    from
      pg_constraint c
    join (
      pg_attribute sa
      join pg_class csa on sa.attrelid = csa.oid
      join pg_namespace nsa on csa.relnamespace = nsa.oid
    ) on sa.attrelid = c.conrelid and sa.attnum = any (c.conkey)
    join (
      pg_attribute ta
      join pg_class cta on ta.attrelid = cta.oid
      join pg_namespace nta on cta.relnamespace = nta.oid
    ) on ta.attrelid = c.confrelid and ta.attnum = any (c.confkey)
    where
      c.contype = $12
  ) as relationships
  on (relationships.source_schema = nc.nspname and relationships.source_table_name = c.relname)
  or (relationships.target_table_schema = nc.nspname and relationships.target_table_name = c.relname)
WHERE
  c.relkind IN ($13, $14)
  AND NOT pg_is_other_temp_schema(nc.oid)
  AND (
    pg_has_role(c.relowner, $15)
    OR has_table_privilege(
      c.oid,
      $16
    )
    OR has_any_column_privilege(c.oid, $17)
  )
group by
  c.oid,
  c.relname,
  c.relrowsecurity,
  c.relforcerowsecurity,
  c.relreplident,
  nc.nspname,
  pk.primary_keys
)
  
select
  *
  
from tables where schema IN ($18)",51,1131.489341,4.0%
postgres,"with records as (
  select
    c.oid::int8 as ""id"",
    case c.relkind
      when $1 then pg_temp.pg_get_tabledef(
        concat(nc.nspname),
        concat(c.relname),
        $2,
        $3,
        $4
      )
      when $5 then concat(
        $6, concat(nc.nspname, $7, c.relname), $8,
        pg_get_viewdef(concat(nc.nspname, $9, c.relname), $10)
      )
      when $11 then concat(
        $12, concat(nc.nspname, $13, c.relname), $14,
        pg_get_viewdef(concat(nc.nspname, $15, c.relname), $16)
      )
      when $17 then concat($18, nc.nspname, $19, c.relname, $20)
      when $21 then pg_temp.pg_get_tabledef(
        concat(nc.nspname),
        concat(c.relname),
        $22,
        $23,
        $24
      )
    end as ""sql""
  from
    pg_namespace nc
    join pg_class c on nc.oid = c.relnamespace
  where
    c.relkind in ($25, $26, $27, $28, $29)
    and not pg_is_other_temp_schema(nc.oid)
    and (
      pg_has_role(c.relowner, $30)
      or has_table_privilege(
        c.oid,
        $31
      )
      or has_any_column_privilege(c.oid, $32)
    )
    and nc.nspname IN ($33)
  order by c.relname asc
  limit $34
  offset $35
)
select
  jsonb_build_object(
    $36, coalesce(jsonb_agg(
      jsonb_build_object(
        $37, r.id,
        $38, r.sql
      )
    ), $39::jsonb)
  ) ""data""
from records r",1,471.200771,1.7%
postgres,"with records as (
  select
    c.oid::int8 as ""id"",
    case c.relkind
      when $1 then pg_temp.pg_get_tabledef(
        concat(nc.nspname),
        concat(c.relname),
        $2,
        $3,
        $4
      )
      when $5 then concat(
        $6, concat(nc.nspname, $7, c.relname), $8,
        pg_get_viewdef(concat(nc.nspname, $9, c.relname), $10)
      )
      when $11 then concat(
        $12, concat(nc.nspname, $13, c.relname), $14,
        pg_get_viewdef(concat(nc.nspname, $15, c.relname), $16)
      )
      when $17 then concat($18, nc.nspname, $19, c.relname, $20)
      when $21 then pg_temp.pg_get_tabledef(
        concat(nc.nspname),
        concat(c.relname),
        $22,
        $23,
        $24
      )
    end as ""sql""
  from
    pg_namespace nc
    join pg_class c on nc.oid = c.relnamespace
  where
    c.relkind in ($25, $26, $27, $28, $29)
    and not pg_is_other_temp_schema(nc.oid)
    and (
      pg_has_role(c.relowner, $30)
      or has_table_privilege(
        c.oid,
        $31
      )
      or has_any_column_privilege(c.oid, $32)
    )
    and nc.nspname IN ($33)
  order by c.relname asc
  limit $34
  offset $35
)
select
  jsonb_build_object(
    $36, coalesce(jsonb_agg(
      jsonb_build_object(
        $37, r.id,
        $38, r.sql
      )
    ), $39::jsonb)
  ) ""data""
from records r",1,456.573379,1.6%
postgres,"with records as (
  select
    c.oid::int8 as ""id"",
    case c.relkind
      when $1 then pg_temp.pg_get_tabledef(
        concat(nc.nspname),
        concat(c.relname),
        $2,
        $3,
        $4
      )
      when $5 then concat(
        $6, concat(nc.nspname, $7, c.relname), $8,
        pg_get_viewdef(concat(nc.nspname, $9, c.relname), $10)
      )
      when $11 then concat(
        $12, concat(nc.nspname, $13, c.relname), $14,
        pg_get_viewdef(concat(nc.nspname, $15, c.relname), $16)
      )
      when $17 then concat($18, nc.nspname, $19, c.relname, $20)
      when $21 then pg_temp.pg_get_tabledef(
        concat(nc.nspname),
        concat(c.relname),
        $22,
        $23,
        $24
      )
    end as ""sql""
  from
    pg_namespace nc
    join pg_class c on nc.oid = c.relnamespace
  where
    c.relkind in ($25, $26, $27, $28, $29)
    and not pg_is_other_temp_schema(nc.oid)
    and (
      pg_has_role(c.relowner, $30)
      or has_table_privilege(
        c.oid,
        $31
      )
      or has_any_column_privilege(c.oid, $32)
    )
    and nc.nspname IN ($33)
  order by c.relname asc
  limit $34
  offset $35
)
select
  jsonb_build_object(
    $36, coalesce(jsonb_agg(
      jsonb_build_object(
        $37, r.id,
        $38, r.sql
      )
    ), $39::jsonb)
  ) ""data""
from records r",1,451.954777,1.6%
postgres,"with records as (
  select
    c.oid::int8 as ""id"",
    case c.relkind
      when $1 then pg_temp.pg_get_tabledef(
        concat(nc.nspname),
        concat(c.relname),
        $2,
        $3,
        $4
      )
      when $5 then concat(
        $6, concat(nc.nspname, $7, c.relname), $8,
        pg_get_viewdef(concat(nc.nspname, $9, c.relname), $10)
      )
      when $11 then concat(
        $12, concat(nc.nspname, $13, c.relname), $14,
        pg_get_viewdef(concat(nc.nspname, $15, c.relname), $16)
      )
      when $17 then concat($18, nc.nspname, $19, c.relname, $20)
      when $21 then pg_temp.pg_get_tabledef(
        concat(nc.nspname),
        concat(c.relname),
        $22,
        $23,
        $24
      )
    end as ""sql""
  from
    pg_namespace nc
    join pg_class c on nc.oid = c.relnamespace
  where
    c.relkind in ($25, $26, $27, $28, $29)
    and not pg_is_other_temp_schema(nc.oid)
    and (
      pg_has_role(c.relowner, $30)
      or has_table_privilege(
        c.oid,
        $31
      )
      or has_any_column_privilege(c.oid, $32)
    )
    and nc.nspname IN ($33)
  order by c.relname asc
  limit $34
  offset $35
)
select
  jsonb_build_object(
    $36, coalesce(jsonb_agg(
      jsonb_build_object(
        $37, r.id,
        $38, r.sql
      )
    ), $39::jsonb)
  ) ""data""
from records r",1,403.624532,1.4%
postgres,"with records as (
  select
    c.oid::int8 as ""id"",
    case c.relkind
      when $1 then pg_temp.pg_get_tabledef(
        concat(nc.nspname),
        concat(c.relname),
        $2,
        $3,
        $4
      )
      when $5 then concat(
        $6, concat(nc.nspname, $7, c.relname), $8,
        pg_get_viewdef(concat(nc.nspname, $9, c.relname), $10)
      )
      when $11 then concat(
        $12, concat(nc.nspname, $13, c.relname), $14,
        pg_get_viewdef(concat(nc.nspname, $15, c.relname), $16)
      )
      when $17 then concat($18, nc.nspname, $19, c.relname, $20)
      when $21 then pg_temp.pg_get_tabledef(
        concat(nc.nspname),
        concat(c.relname),
        $22,
        $23,
        $24
      )
    end as ""sql""
  from
    pg_namespace nc
    join pg_class c on nc.oid = c.relnamespace
  where
    c.relkind in ($25, $26, $27, $28, $29)
    and not pg_is_other_temp_schema(nc.oid)
    and (
      pg_has_role(c.relowner, $30)
      or has_table_privilege(
        c.oid,
        $31
      )
      or has_any_column_privilege(c.oid, $32)
    )
    and nc.nspname IN ($33)
  order by c.relname asc
  limit $34
  offset $35
)
select
  jsonb_build_object(
    $36, coalesce(jsonb_agg(
      jsonb_build_object(
        $37, r.id,
        $38, r.sql
      )
    ), $39::jsonb)
  ) ""data""
from records r",1,382.400024,1.4%
postgres,"with records as (
  select
    c.oid::int8 as ""id"",
    case c.relkind
      when $1 then pg_temp.pg_get_tabledef(
        concat(nc.nspname),
        concat(c.relname),
        $2,
        $3,
        $4
      )
      when $5 then concat(
        $6, concat(nc.nspname, $7, c.relname), $8,
        pg_get_viewdef(concat(nc.nspname, $9, c.relname), $10)
      )
      when $11 then concat(
        $12, concat(nc.nspname, $13, c.relname), $14,
        pg_get_viewdef(concat(nc.nspname, $15, c.relname), $16)
      )
      when $17 then concat($18, nc.nspname, $19, c.relname, $20)
      when $21 then pg_temp.pg_get_tabledef(
        concat(nc.nspname),
        concat(c.relname),
        $22,
        $23,
        $24
      )
    end as ""sql""
  from
    pg_namespace nc
    join pg_class c on nc.oid = c.relnamespace
  where
    c.relkind in ($25, $26, $27, $28, $29)
    and not pg_is_other_temp_schema(nc.oid)
    and (
      pg_has_role(c.relowner, $30)
      or has_table_privilege(
        c.oid,
        $31
      )
      or has_any_column_privilege(c.oid, $32)
    )
    and nc.nspname IN ($33)
  order by c.relname asc
  limit $34
  offset $35
)
select
  jsonb_build_object(
    $36, coalesce(jsonb_agg(
      jsonb_build_object(
        $37, r.id,
        $38, r.sql
      )
    ), $39::jsonb)
  ) ""data""
from records r",1,359.97059,1.3%
postgres,"SELECT
    tbl.schemaname,
    tbl.tablename,
    tbl.quoted_name,
    tbl.is_table,
    json_agg(a) as columns
  FROM
    (
      SELECT
        n.nspname as schemaname,
        c.relname as tablename,
        (quote_ident(n.nspname) || $1 || quote_ident(c.relname)) as quoted_name,
        $2 as is_table
      FROM
        pg_catalog.pg_class c
        JOIN pg_catalog.pg_namespace n ON n.oid = c.relnamespace
      WHERE
        c.relkind = $3
        AND n.nspname not in ($4, $5, $6)
        AND n.nspname not like $7
        AND n.nspname not like $8
        AND has_schema_privilege(n.oid, $9) = $10
        AND has_table_privilege(quote_ident(n.nspname) || $11 || quote_ident(c.relname), $12) = $13
      union all
      SELECT
        n.nspname as schemaname,
        c.relname as tablename,
        (quote_ident(n.nspname) || $14 || quote_ident(c.relname)) as quoted_name,
        $15 as is_table
      FROM
        pg_catalog.pg_class c
        JOIN pg_catalog.pg_namespace n ON n.oid = c.relnamespace
      WHERE
        c.relkind in ($16, $17)
        AND n.nspname not in ($18, $19, $20)
        AND n.nspname not like $21
        AND n.nspname not like $22
        AND has_schema_privilege(n.oid, $23) = $24
        AND has_table_privilege(quote_ident(n.nspname) || $25 || quote_ident(c.relname), $26) = $27
    ) as tbl
    LEFT JOIN (
      SELECT
        attrelid,
        attname,
        format_type(atttypid, atttypmod) as data_type,
        attnum,
        attisdropped
      FROM
        pg_attribute
    ) as a ON (
      a.attrelid = tbl.quoted_name::regclass
      AND a.attnum > $28
      AND NOT a.attisdropped
      AND has_column_privilege(tbl.quoted_name, a.attname, $29)
    )
  
  GROUP BY schemaname, tablename, quoted_name, is_table",67,356.607551,1.3%
postgres,"with records as (
  select
    c.oid::int8 as ""id"",
    case c.relkind
      when $1 then pg_temp.pg_get_tabledef(
        concat(nc.nspname),
        concat(c.relname),
        $2,
        $3,
        $4
      )
      when $5 then concat(
        $6, concat(nc.nspname, $7, c.relname), $8,
        pg_get_viewdef(concat(nc.nspname, $9, c.relname), $10)
      )
      when $11 then concat(
        $12, concat(nc.nspname, $13, c.relname), $14,
        pg_get_viewdef(concat(nc.nspname, $15, c.relname), $16)
      )
      when $17 then concat($18, nc.nspname, $19, c.relname, $20)
      when $21 then pg_temp.pg_get_tabledef(
        concat(nc.nspname),
        concat(c.relname),
        $22,
        $23,
        $24
      )
    end as ""sql""
  from
    pg_namespace nc
    join pg_class c on nc.oid = c.relnamespace
  where
    c.relkind in ($25, $26, $27, $28, $29)
    and not pg_is_other_temp_schema(nc.oid)
    and (
      pg_has_role(c.relowner, $30)
      or has_table_privilege(
        c.oid,
        $31
      )
      or has_any_column_privilege(c.oid, $32)
    )
    and nc.nspname IN ($33)
  order by c.relname asc
  limit $34
  offset $35
)
select
  jsonb_build_object(
    $36, coalesce(jsonb_agg(
      jsonb_build_object(
        $37, r.id,
        $38, r.sql
      )
    ), $39::jsonb)
  ) ""data""
from records r",1,344.106777,1.2%
postgres,"with records as (
  select
    c.oid::int8 as ""id"",
    case c.relkind
      when $1 then pg_temp.pg_get_tabledef(
        concat(nc.nspname),
        concat(c.relname),
        $2,
        $3,
        $4
      )
      when $5 then concat(
        $6, concat(nc.nspname, $7, c.relname), $8,
        pg_get_viewdef(concat(nc.nspname, $9, c.relname), $10)
      )
      when $11 then concat(
        $12, concat(nc.nspname, $13, c.relname), $14,
        pg_get_viewdef(concat(nc.nspname, $15, c.relname), $16)
      )
      when $17 then concat($18, nc.nspname, $19, c.relname, $20)
      when $21 then pg_temp.pg_get_tabledef(
        concat(nc.nspname),
        concat(c.relname),
        $22,
        $23,
        $24
      )
    end as ""sql""
  from
    pg_namespace nc
    join pg_class c on nc.oid = c.relnamespace
  where
    c.relkind in ($25, $26, $27, $28, $29)
    and not pg_is_other_temp_schema(nc.oid)
    and (
      pg_has_role(c.relowner, $30)
      or has_table_privilege(
        c.oid,
        $31
      )
      or has_any_column_privilege(c.oid, $32)
    )
    and nc.nspname IN ($33)
  order by c.relname asc
  limit $34
  offset $35
)
select
  jsonb_build_object(
    $36, coalesce(jsonb_agg(
      jsonb_build_object(
        $37, r.id,
        $38, r.sql
      )
    ), $39::jsonb)
  ) ""data""
from records r",1,335.216825,1.2%
postgres,"with records as (
  select
    c.oid::int8 as ""id"",
    case c.relkind
      when $1 then pg_temp.pg_get_tabledef(
        concat(nc.nspname),
        concat(c.relname),
        $2,
        $3,
        $4
      )
      when $5 then concat(
        $6, concat(nc.nspname, $7, c.relname), $8,
        pg_get_viewdef(concat(nc.nspname, $9, c.relname), $10)
      )
      when $11 then concat(
        $12, concat(nc.nspname, $13, c.relname), $14,
        pg_get_viewdef(concat(nc.nspname, $15, c.relname), $16)
      )
      when $17 then concat($18, nc.nspname, $19, c.relname, $20)
      when $21 then pg_temp.pg_get_tabledef(
        concat(nc.nspname),
        concat(c.relname),
        $22,
        $23,
        $24
      )
    end as ""sql""
  from
    pg_namespace nc
    join pg_class c on nc.oid = c.relnamespace
  where
    c.relkind in ($25, $26, $27, $28, $29)
    and not pg_is_other_temp_schema(nc.oid)
    and (
      pg_has_role(c.relowner, $30)
      or has_table_privilege(
        c.oid,
        $31
      )
      or has_any_column_privilege(c.oid, $32)
    )
    and nc.nspname IN ($33)
  order by c.relname asc
  limit $34
  offset $35
)
select
  jsonb_build_object(
    $36, coalesce(jsonb_agg(
      jsonb_build_object(
        $37, r.id,
        $38, r.sql
      )
    ), $39::jsonb)
  ) ""data""
from records r",1,334.398404,1.2%
postgres,"with records as (
  select
    c.oid::int8 as ""id"",
    case c.relkind
      when $1 then pg_temp.pg_get_tabledef(
        concat(nc.nspname),
        concat(c.relname),
        $2,
        $3,
        $4
      )
      when $5 then concat(
        $6, concat(nc.nspname, $7, c.relname), $8,
        pg_get_viewdef(concat(nc.nspname, $9, c.relname), $10)
      )
      when $11 then concat(
        $12, concat(nc.nspname, $13, c.relname), $14,
        pg_get_viewdef(concat(nc.nspname, $15, c.relname), $16)
      )
      when $17 then concat($18, nc.nspname, $19, c.relname, $20)
      when $21 then pg_temp.pg_get_tabledef(
        concat(nc.nspname),
        concat(c.relname),
        $22,
        $23,
        $24
      )
    end as ""sql""
  from
    pg_namespace nc
    join pg_class c on nc.oid = c.relnamespace
  where
    c.relkind in ($25, $26, $27, $28, $29)
    and not pg_is_other_temp_schema(nc.oid)
    and (
      pg_has_role(c.relowner, $30)
      or has_table_privilege(
        c.oid,
        $31
      )
      or has_any_column_privilege(c.oid, $32)
    )
    and nc.nspname IN ($33)
  order by c.relname asc
  limit $34
  offset $35
)
select
  jsonb_build_object(
    $36, coalesce(jsonb_agg(
      jsonb_build_object(
        $37, r.id,
        $38, r.sql
      )
    ), $39::jsonb)
  ) ""data""
from records r",1,329.565139,1.2%
postgres,"with records as (
  select
    c.oid::int8 as ""id"",
    case c.relkind
      when $1 then pg_temp.pg_get_tabledef(
        concat(nc.nspname),
        concat(c.relname),
        $2,
        $3,
        $4
      )
      when $5 then concat(
        $6, concat(nc.nspname, $7, c.relname), $8,
        pg_get_viewdef(concat(nc.nspname, $9, c.relname), $10)
      )
      when $11 then concat(
        $12, concat(nc.nspname, $13, c.relname), $14,
        pg_get_viewdef(concat(nc.nspname, $15, c.relname), $16)
      )
      when $17 then concat($18, nc.nspname, $19, c.relname, $20)
      when $21 then pg_temp.pg_get_tabledef(
        concat(nc.nspname),
        concat(c.relname),
        $22,
        $23,
        $24
      )
    end as ""sql""
  from
    pg_namespace nc
    join pg_class c on nc.oid = c.relnamespace
  where
    c.relkind in ($25, $26, $27, $28, $29)
    and not pg_is_other_temp_schema(nc.oid)
    and (
      pg_has_role(c.relowner, $30)
      or has_table_privilege(
        c.oid,
        $31
      )
      or has_any_column_privilege(c.oid, $32)
    )
    and nc.nspname IN ($33)
  order by c.relname asc
  limit $34
  offset $35
)
select
  jsonb_build_object(
    $36, coalesce(jsonb_agg(
      jsonb_build_object(
        $37, r.id,
        $38, r.sql
      )
    ), $39::jsonb)
  ) ""data""
from records r",1,328.596621,1.2%
postgres,"with records as (
  select
    c.oid::int8 as ""id"",
    case c.relkind
      when $1 then pg_temp.pg_get_tabledef(
        concat(nc.nspname),
        concat(c.relname),
        $2,
        $3,
        $4
      )
      when $5 then concat(
        $6, concat(nc.nspname, $7, c.relname), $8,
        pg_get_viewdef(concat(nc.nspname, $9, c.relname), $10)
      )
      when $11 then concat(
        $12, concat(nc.nspname, $13, c.relname), $14,
        pg_get_viewdef(concat(nc.nspname, $15, c.relname), $16)
      )
      when $17 then concat($18, nc.nspname, $19, c.relname, $20)
      when $21 then pg_temp.pg_get_tabledef(
        concat(nc.nspname),
        concat(c.relname),
        $22,
        $23,
        $24
      )
    end as ""sql""
  from
    pg_namespace nc
    join pg_class c on nc.oid = c.relnamespace
  where
    c.relkind in ($25, $26, $27, $28, $29)
    and not pg_is_other_temp_schema(nc.oid)
    and (
      pg_has_role(c.relowner, $30)
      or has_table_privilege(
        c.oid,
        $31
      )
      or has_any_column_privilege(c.oid, $32)
    )
    and nc.nspname IN ($33)
  order by c.relname asc
  limit $34
  offset $35
)
select
  jsonb_build_object(
    $36, coalesce(jsonb_agg(
      jsonb_build_object(
        $37, r.id,
        $38, r.sql
      )
    ), $39::jsonb)
  ) ""data""
from records r",1,328.310614,1.2%
postgres,"with records as (
  select
    c.oid::int8 as ""id"",
    case c.relkind
      when $1 then pg_temp.pg_get_tabledef(
        concat(nc.nspname),
        concat(c.relname),
        $2,
        $3,
        $4
      )
      when $5 then concat(
        $6, concat(nc.nspname, $7, c.relname), $8,
        pg_get_viewdef(concat(nc.nspname, $9, c.relname), $10)
      )
      when $11 then concat(
        $12, concat(nc.nspname, $13, c.relname), $14,
        pg_get_viewdef(concat(nc.nspname, $15, c.relname), $16)
      )
      when $17 then concat($18, nc.nspname, $19, c.relname, $20)
      when $21 then pg_temp.pg_get_tabledef(
        concat(nc.nspname),
        concat(c.relname),
        $22,
        $23,
        $24
      )
    end as ""sql""
  from
    pg_namespace nc
    join pg_class c on nc.oid = c.relnamespace
  where
    c.relkind in ($25, $26, $27, $28, $29)
    and not pg_is_other_temp_schema(nc.oid)
    and (
      pg_has_role(c.relowner, $30)
      or has_table_privilege(
        c.oid,
        $31
      )
      or has_any_column_privilege(c.oid, $32)
    )
    and nc.nspname IN ($33)
  order by c.relname asc
  limit $34
  offset $35
)
select
  jsonb_build_object(
    $36, coalesce(jsonb_agg(
      jsonb_build_object(
        $37, r.id,
        $38, r.sql
      )
    ), $39::jsonb)
  ) ""data""
from records r",1,327.232934,1.2%
postgres,"with records as (
  select
    c.oid::int8 as ""id"",
    case c.relkind
      when $1 then pg_temp.pg_get_tabledef(
        concat(nc.nspname),
        concat(c.relname),
        $2,
        $3,
        $4
      )
      when $5 then concat(
        $6, concat(nc.nspname, $7, c.relname), $8,
        pg_get_viewdef(concat(nc.nspname, $9, c.relname), $10)
      )
      when $11 then concat(
        $12, concat(nc.nspname, $13, c.relname), $14,
        pg_get_viewdef(concat(nc.nspname, $15, c.relname), $16)
      )
      when $17 then concat($18, nc.nspname, $19, c.relname, $20)
      when $21 then pg_temp.pg_get_tabledef(
        concat(nc.nspname),
        concat(c.relname),
        $22,
        $23,
        $24
      )
    end as ""sql""
  from
    pg_namespace nc
    join pg_class c on nc.oid = c.relnamespace
  where
    c.relkind in ($25, $26, $27, $28, $29)
    and not pg_is_other_temp_schema(nc.oid)
    and (
      pg_has_role(c.relowner, $30)
      or has_table_privilege(
        c.oid,
        $31
      )
      or has_any_column_privilege(c.oid, $32)
    )
    and nc.nspname IN ($33)
  order by c.relname asc
  limit $34
  offset $35
)
select
  jsonb_build_object(
    $36, coalesce(jsonb_agg(
      jsonb_build_object(
        $37, r.id,
        $38, r.sql
      )
    ), $39::jsonb)
  ) ""data""
from records r",1,327.155327,1.2%